id,name,email,processed_timestamp
1,Amit Das,amit.das48@example.com,2026-04-21 05:34:17.894638
2,Kavya Joshi,kavya.joshi67@example.com,2026-04-21 05:34:17.895897
3,Neha Khan,neha.khan17@example.com,2026-04-21 05:34:17.897019
4,Anjali Iyer,anjali.iyer64@example.com,2026-04-21 05:34:17.898118
5,Neha Mehta,neha.mehta2@example.com,2026-04-21 05:34:17.899179
6,Priya Khan,priya.khan5@example.com,2026-04-21 05:34:17.900222
7,Neha Gupta,neha.gupta32@example.com,2026-04-21 05:34:17.901249
8,Rohan Das,rohan.das16@example.com,2026-04-21 05:34:17.902286
9,Arjun Das,arjun.das36@example.com,2026-04-21 05:34:17.903354
10,Sneha Gupta,sneha.gupta43@example.com,2026-04-21 05:34:17.904501
11,Sneha Gupta,sneha.gupta45@example.com,2026-04-21 05:34:17.905587
12,Neha Sharma,neha.sharma84@example.com,2026-04-21 05:34:17.912218
13,Sneha Singh,sneha.singh31@example.com,2026-04-21 05:34:17.913546
14,Vikram Das,vikram.das26@example.com,2026-04-21 05:34:17.914815
15,Anjali Iyer,anjali.iyer12@example.com,2026-04-21 05:34:17.915959
16,Rahul Khan,rahul.khan92@example.com,2026-04-21 05:34:17.917154
17,Neha Joshi,neha.joshi38@example.com,2026-04-21 05:34:17.918378
18,Priya Das,priya.das17@example.com,2026-04-21 05:34:17.919565
19,Anjali Patel,anjali.patel28@example.com,2026-04-21 05:34:17.920696
20,Rohan Mehta,rohan.mehta7@example.com,2026-04-21 05:34:17.921830
21,Rohan Nair,rohan.nair53@example.com,2026-04-21 05:34:17.922932
22,Neha Iyer,neha.iyer26@example.com,2026-04-21 05:34:17.924174
23,Arjun Gupta,arjun.gupta5@example.com,2026-04-21 05:34:17.925375
24,Vikram Sharma,vikram.sharma82@example.com,2026-04-21 05:34:17.932336
25,Neha Mehta,neha.mehta2@example.com,2026-04-21 05:34:17.933711
26,Kavya Joshi,kavya.joshi57@example.com,2026-04-21 05:34:17.934973
27,Amit Gupta,amit.gupta30@example.com,2026-04-21 05:34:17.936210
28,Anjali Iyer,anjali.iyer53@example.com,2026-04-21 05:34:17.937440
29,Vikram Iyer,vikram.iyer90@example.com,2026-04-21 05:34:17.938609
30,Arjun Das,arjun.das23@example.com,2026-04-21 05:34:17.939779
31,Sneha Gupta,sneha.gupta71@example.com,2026-04-21 05:34:17.940999
32,Rahul Iyer,rahul.iyer75@example.com,2026-04-21 05:34:17.942139
33,Rahul Gupta,rahul.gupta84@example.com,2026-04-21 05:34:17.943265
34,Rohan Patel,rohan.patel53@example.com,2026-04-21 05:34:17.944307
35,Kavya Singh,kavya.singh70@example.com,2026-04-21 05:34:17.945408
36,Anjali Gupta,anjali.gupta84@example.com,2026-04-21 05:34:17.952252
37,Neha Iyer,neha.iyer55@example.com,2026-04-21 05:34:17.953650
38,Anjali Patel,anjali.patel65@example.com,2026-04-21 05:34:17.954763
39,Rohan Iyer,rohan.iyer39@example.com,2026-04-21 05:34:17.955859
40,Vikram Patel,vikram.patel9@example.com,2026-04-21 05:34:17.957099
41,Sneha Singh,sneha.singh84@example.com,2026-04-21 05:34:17.958283
42,Kavya Mehta,kavya.mehta28@example.com,2026-04-21 05:34:17.959424
43,Rahul Sharma,rahul.sharma23@example.com,2026-04-21 05:34:17.960597
44,Neha Das,neha.das75@example.com,2026-04-21 05:34:17.961786
45,Sneha Khan,sneha.khan88@example.com,2026-04-21 05:34:17.962952
46,Rahul Sharma,rahul.sharma71@example.com,2026-04-21 05:34:17.964108
47,Kavya Khan,kavya.khan53@example.com,2026-04-21 05:34:17.965195
48,Vikram Khan,vikram.khan88@example.com,2026-04-21 05:34:17.966322
49,Amit Das,amit.das80@example.com,2026-04-21 05:34:17.972274
50,Amit Gupta,amit.gupta41@example.com,2026-04-21 05:34:17.973693
